work_id;work_name;unit;unit_price;phase_id;phase_name;stage_id;stage_name;substage_id;substage_name
w.1;Очистка потолка от масляной краски или клея;м2;1.00;1;1;s.1;Работы по потолкам (Демонтаж);;
w.10;Демонтаж потолочного плинтуса (без сохранения);м.пог;10.00;2;2;s.1;Работы по потолкам (Демонтаж);;
w.100;Устройство тепло/звукоизоляции потолка (один слой) клеево-грибковый монтаж с мембраной;м2;100.00;3;3;s.6;Работы по потолкам (Отделочные работы);ss.6.2;6.2 Тепло-звукоизоляция потолка
w.101;Монтаж звукоизоляционных SoundGuard панелей на готовый металлокаркас / сэндвич ЗИПС-панелей на оштукатуренный потолок, с демпферной лентой и герметиком;м2;101.00;4;4;s.6;Работы по потолкам (Отделочные работы);ss.6.2;6.2 Тепло-звукоизоляция потолка
w.102;Монтаж металлического каркаса для одноуровневого потолка из ГКЛ;м2;102.00;5;5;s.6;Работы по потолкам (Отделочные работы);ss.6.3;6.3 ГКЛ потолок
w.103;Монтаж металлического каркаса потолков - каждый последующий уровень;м2;103.00;6;6;s.6;Работы по потолкам (Отделочные работы);ss.6.3;6.3 ГКЛ потолок
w.104;Обшивка  металлокаркаса ГКЛ 12,5мм в один слой  с расшивкой швов;м2;104.00;7;7;s.6;Работы по потолкам (Отделочные работы);ss.6.3;6.3 ГКЛ потолок
w.105;Подшивка дополнительного слоя ГКЛ 12,5мм (второй слой) с расшивкой швов;м2;105.00;8;8;s.6;Работы по потолкам (Отделочные работы);ss.6.3;6.3 ГКЛ потолок
w.106;Подшивка дополнительного слоя ГКЛ 12,5мм (звукоизоляционный ГКЛ) с расшивкой швов;м2;106.00;9;9;s.6;Работы по потолкам (Отделочные работы);ss.6.3;6.3 ГКЛ потолок
w.107;Изготовление металлокаркаса для  прямолинейных торцов потолочных конструкций шириной до 40 см (в т.ч. все перепады уровней, торцы ниш для скрытой подсветки, подштроников);м.пог;107.00;10;10;s.6;Работы по потолкам (Отделочные работы);ss.6.3;6.3 ГКЛ потолок
w.108;Обшивка ГКЛ прямолинейных торцов потолочных конструкций металлокаркаса  шириной до 40 см;м.пог;108.00;11;11;s.6;Работы по потолкам (Отделочные работы);ss.6.3;6.3 ГКЛ потолок
w.109;Монтаж скрытого люка под покраску на потолок из ГКЛ с устройством портала;шт.;109.00;12;12;s.6;Работы по потолкам (Отделочные работы);ss.6.3;6.3 ГКЛ потолок
w.11;Демонтаж вентиляционных коробов;м.пог;11.00;13;13;s.1;Работы по потолкам (Демонтаж);;
w.110;Устройство криволинейных торцов потолочных конструкций из ГКЛ с металлокаркасом;м.пог;110.00;14;14;s.6;Работы по потолкам (Отделочные работы);ss.6.3;6.3 ГКЛ потолок
w.111;Монтаж Г-образной ниши для скрытого карниза из ГКЛ с металлокаркасом;м.пог;111.00;15;15;s.6;Работы по потолкам (Отделочные работы);ss.6.3;6.3 ГКЛ потолок
w.112;Фрезеровка внутреннего/внешнего угла в ГКЛ, фасок под профиля;м.пог;112.00;16;16;s.6;Работы по потолкам (Отделочные работы);ss.6.3;6.3 ГКЛ потолок
w.113;Устройство порталов с усилением металлокаркаса для скрытых треков, фанкойлов (вент.решеток), теневого профиля;м.пог;113.00;17;17;s.6;Работы по потолкам (Отделочные работы);ss.6.3;6.3 ГКЛ потолок
w.114;Монтаж П-образной полки для скрытой подсветки из ГКЛ с металлокаркасом;м.пог;114.00;18;18;s.6;Работы по потолкам (Отделочные работы);ss.6.3;6.3 ГКЛ потолок
w.115;Монтаж теневого профиля на потолках ГКЛ;м.пог;115.00;19;19;s.6;Работы по потолкам (Отделочные работы);ss.6.3;6.3 ГКЛ потолок
w.116;Монтаж скрытых треков на потолках ГКЛ в подготовленный портал, с запилом углов под 45 град.;м.пог;116.00;20;20;s.6;Работы по потолкам (Отделочные работы);ss.6.3;6.3 ГКЛ потолок
w.117;Грунтование потолка акриловым грунтом 1 слой;м.п.;117.00;21;21;s.6;Работы по потолкам (Отделочные работы);ss.6.4;6.4 Малярные работы потолок
w.118;Монтаж углозащитной ленты;м.пог;118.00;22;22;s.6;Работы по потолкам (Отделочные работы);ss.6.4;6.4 Малярные работы потолок
w.119;Защита потолков от трещин - армирование малярной сеткой;м2;119.00;23;23;s.6;Работы по потолкам (Отделочные работы);ss.6.4;6.4 Малярные работы потолок
w.12;Демонтаж потолков из АЦЭИДа, гипсолита;м2;12.00;24;24;s.1;Работы по потолкам (Демонтаж);;
w.120;Защита потолков от микротрещин - армирование стеклохолстом;м.п.;120.00;25;25;s.6;Работы по потолкам (Отделочные работы);ss.6.4;6.4 Малярные работы потолок
w.121;Грунтование потолка при шпатлевке потолка под покраску (все слои);м2;121.00;26;26;s.6;Работы по потолкам (Отделочные работы);ss.6.4;6.4 Малярные работы потолок
w.122;Шпатлевка потолка базовая с ошкуриванием под оклейку обоев/стеклохолста (2 слоя);м2;122.00;27;27;s.6;Работы по потолкам (Отделочные работы);ss.6.4;6.4 Малярные работы потолок
w.123;"Грунтование потолка грунт-краской ""Праймер"" (перед покраской)";м2;123.00;28;28;s.6;Работы по потолкам (Отделочные работы);ss.6.4;6.4 Малярные работы потолок
w.124;Шпатлевка потолка финишная под окраску (2-3 слоя);м2;124.00;29;29;s.6;Работы по потолкам (Отделочные работы);ss.6.4;6.4 Малярные работы потолок
w.125;Шпатлёвка с ошкуриванием под покраску ниши для скрытых карнизов шириной до 40см;м.пог;125.00;30;30;s.6;Работы по потолкам (Отделочные работы);ss.6.4;6.4 Малярные работы потолок
w.126;Проклейка лентой и заделка швов и саморезов потолка из ГКЛ (технология KHAUF);м2;126.00;31;31;s.6;Работы по потолкам (Отделочные работы);ss.6.4;6.4 Малярные работы потолок
w.127;Покраска потолка водоэмульсионной краской;м2;127.00;32;32;s.6;Работы по потолкам (Отделочные работы);ss.6.4;6.4 Малярные работы потолок
w.128;Покраска торцов потолочных конструкций;м.пог;128.00;33;33;s.6;Работы по потолкам (Отделочные работы);ss.6.4;6.4 Малярные работы потолок
w.129;Формирование стыка двух разных цветов краски;м.пог;129.00;34;34;s.6;Работы по потолкам (Отделочные работы);ss.6.4;6.4 Малярные работы потолок
w.13;Демонтаж стен из ПГП;м2;13.00;35;35;s.2;Работы по стенам (Демонтаж);;
w.130;Шлифовка потолка (Ошкуривание);м2;130.00;36;36;s.6;Работы по потолкам (Отделочные работы);ss.6.4;6.4 Малярные работы потолок
w.131;Монтаж потолка Армстронг, Грильято;м2;131.00;37;37;s.6;Работы по потолкам (Отделочные работы);ss.6.5;6.5 Потолочные конструкции разные
w.132;Монтаж лепнины из полиуретана и гипса под светильник и люстру (розетка) диаметром до 500мм.;шт.;132.00;38;38;s.6;Работы по потолкам (Отделочные работы);ss.6.5;6.5 Потолочные конструкции разные
w.133;Обшивка потолков деревянной вагонкой с учетом каркаса;м2;133.00;39;39;s.6;Работы по потолкам (Отделочные работы);ss.6.5;6.5 Потолочные конструкции разные
w.134;"Монтаж деревянных планок ""ламелей"", декоративных балок";м.пог;134.00;40;40;s.6;Работы по потолкам (Отделочные работы);ss.6.5;6.5 Потолочные конструкции разные
w.135;Монтаж реечного потолка;м2;135.00;41;41;s.6;Работы по потолкам (Отделочные работы);ss.6.5;6.5 Потолочные конструкции разные
w.136;Монтаж потолочного плинтуса из полиуретана на клей по периметру потолка (шириной до 8 см) с шпатлёвкой и  шлифовкой стыков и примыканий;м.пог;136.00;42;42;s.6;Работы по потолкам (Отделочные работы);ss.6.6;6.6 Потолочный плинтус, лепнина
w.137;Монтаж потолочного плинтуса из полиуретана на клей по периметру потолка (шириной от 9 до 20 см) шпатлёвкой и  шлифовкой стыков и примыканий;м.пог;137.00;43;43;s.6;Работы по потолкам (Отделочные работы);ss.6.6;6.6 Потолочный плинтус, лепнина
w.138;Монтаж лепнины из гипса по периметру потолка (шириной до 8 см) шпатлёвкой и  шлифовкой стыков и примыканий;м.пог;138.00;44;44;s.6;Работы по потолкам (Отделочные работы);ss.6.6;6.6 Потолочный плинтус, лепнина
w.139;Монтаж лепнины из гипса по периметру потолка (шириной до 9 до 20 см) шпатлёвкой и  шлифовкой стыков и примыканий;м.пог;139.00;45;45;s.6;Работы по потолкам (Отделочные работы);ss.6.6;6.6 Потолочный плинтус, лепнина
w.14;Демонтаж  кирпичных стен в 1/2  кирпича;м2;14.00;46;46;s.2;Работы по стенам (Демонтаж);;
w.140;Покраска потолочного плинтуса/лепнины;м.пог;140.00;47;47;s.6;Работы по потолкам (Отделочные работы);ss.6.6;6.6 Потолочный плинтус, лепнина
w.141;Вырез отверстий для пожарных сигнализаций, светильников, систем пожаротушения в ГКЛ, реечном потолке, ПВХ панелях;шт;141.00;48;48;s.6;Работы по потолкам (Отделочные работы);ss.6.7;6.7 Светильники потолочные, встраиваемые, люстры
w.142;Установка встроенного (точечного) потолочного светильника, трекового светильника;шт;142.00;49;49;s.6;Работы по потолкам (Отделочные работы);ss.6.7;6.7 Светильники потолочные, встраиваемые, люстры
w.143;Установка бра настенного крепления;шт;143.00;50;50;s.6;Работы по потолкам (Отделочные работы);ss.6.7;6.7 Светильники потолочные, встраиваемые, люстры
w.144;"Установка светильника ""Армстронг""";шт;144.00;51;51;s.6;Работы по потолкам (Отделочные работы);ss.6.7;6.7 Светильники потолочные, встраиваемые, люстры
w.145;Установка закладной для навесных приборов;шт.;145.00;52;52;s.6;Работы по потолкам (Отделочные работы);ss.6.7;6.7 Светильники потолочные, встраиваемые, люстры
w.146;Установка и сборка люстры до 3 кг;шт;146.00;53;53;s.6;Работы по потолкам (Отделочные работы);ss.6.7;6.7 Светильники потолочные, встраиваемые, люстры
w.147;Монтаж светодиодной ленты на двусторонний скотч;м.пог;147.00;54;54;s.6;Работы по потолкам (Отделочные работы);ss.6.7;6.7 Светильники потолочные, встраиваемые, люстры
w.148;Установка трансформатора с подключением;шт.;148.00;55;55;s.6;Работы по потолкам (Отделочные работы);ss.6.7;6.7 Светильники потолочные, встраиваемые, люстры
w.149;Монтаж вентиляционных каналов, труб;м.пог;149.00;56;56;s.6;Работы по потолкам (Отделочные работы);ss.6.8;6.8 Вентиляция
w.15;Демонтаж стен из кирпича (в 1 кирпич);м2;15.00;57;57;s.2;Работы по стенам (Демонтаж);;
w.150;Установка вентилятора накладного (с подключением):;шт.;150.00;58;58;s.6;Работы по потолкам (Отделочные работы);ss.6.8;6.8 Вентиляция
w.151;Установка вентилятора канального (с подключением):;шт.;151.00;59;59;s.6;Работы по потолкам (Отделочные работы);ss.6.8;6.8 Вентиляция
w.152;Установка вентиляционной решётки / диффузора / тройника воздуховода;шт.;152.00;60;60;s.6;Работы по потолкам (Отделочные работы);ss.6.8;6.8 Вентиляция
w.153;Монтаж карниза для штор;м.п.;153.00;61;61;s.6;Работы по потолкам (Отделочные работы);ss.6.9;6.9 Карнизы, шторы, обои
w.154;"Декоративная штукатурка потолка в 2 слоя (""мокрый шелк"")";м2;154.00;62;62;s.6;Работы по потолкам (Отделочные работы);ss.6.9;6.9 Карнизы, шторы, обои
w.155;Оклейка потолка стеклообоями под покраску;м2;155.00;63;63;s.6;Работы по потолкам (Отделочные работы);ss.6.9;6.9 Карнизы, шторы, обои
w.156;Шлифовка и лакировка деревянной вагонки;м2;156.00;64;64;s.6;Работы по потолкам (Отделочные работы);ss.6.9;6.9 Карнизы, шторы, обои
w.157;Монтаж перегородок из пазогребневых блоков / пеноблоков с армировкой;м2;157.00;65;65;s.7;Работы по стенам (Отделочные работы);ss.7.1;7.1 Перегородки блочные, кирпичные
w.158;Изготовление опорной полосы для 1-го ряда кладки ( ПГБ, ГКЛ, Пеноблок);м.пог;158.00;66;66;s.7;Работы по стенам (Отделочные работы);ss.7.1;7.1 Перегородки блочные, кирпичные
w.159;Устройство перегородок в 1/2 кирпича;м2;159.00;67;67;s.7;Работы по стенам (Отделочные работы);ss.7.1;7.1 Перегородки блочные, кирпичные
w.16;Демонтаж  бетонных НЕ несущих стен (толщиной до 80мм);м2;16.00;68;68;s.2;Работы по стенам (Демонтаж);;
w.160;Устройство перегородок в 1 кирпич;м2;160.00;69;69;s.7;Работы по стенам (Отделочные работы);ss.7.1;7.1 Перегородки блочные, кирпичные
w.161;Армирование проёма уголком/арматурой;проём;161.00;70;70;s.7;Работы по стенам (Отделочные работы);ss.7.1;7.1 Перегородки блочные, кирпичные
w.162;Покрытие бетонных стен бетоноконтактом (перед штукатурными работами!);м2;162.00;71;71;s.7;Работы по стенам (Отделочные работы);ss.7.2;7.2 Штукатурные работы (стены)
w.163;Грунтование стен плёночным грунтом перед штукатурными работами;м2;163.00;72;72;s.7;Работы по стенам (Отделочные работы);ss.7.2;7.2 Штукатурные работы (стены)
w.164;Установка и демонтаж маяков для штукатурных работ, заделка штроб от маяков;м2;164.00;73;73;s.7;Работы по стенам (Отделочные работы);ss.7.2;7.2 Штукатурные работы (стены)
w.165;Расчистка и заделка  угловых стыков бетонных плит и ПГП/пеноблока с использованием армирующей сетки;м.пог;165.00;74;74;s.7;Работы по стенам (Отделочные работы);ss.7.2;7.2 Штукатурные работы (стены)
w.166;Защита стен от макротрещин - армирование штукатурной стеклотканевой сеткой;м2;166.00;75;75;s.7;Работы по стенам (Отделочные работы);ss.7.2;7.2 Штукатурные работы (стены)
w.167;Штукатурка гипсовая высококачественная по маякам до 3 см с устройством маяков без выведения углов стен в 90 градусов (плоскость в уровень);м2;167.00;76;76;s.7;Работы по стенам (Отделочные работы);ss.7.2;7.2 Штукатурные работы (стены)
w.168;Штукатурка гипсовая высококачественная по маякам до 5 см с устройством маяков без выведения углов стен в 90 градусов (плоскость в уровень);м2;168.00;77;77;s.7;Работы по стенам (Отделочные работы);ss.7.2;7.2 Штукатурные работы (стены)
w.169;Штукатурка гипсовая высококачественная по маякам до 3 см с устройством маяков, с выведением строгой геометрии помещения (углы стен в 90 градусов);м2;169.00;78;78;s.7;Работы по стенам (Отделочные работы);ss.7.2;7.2 Штукатурные работы (стены)
w.17;Демонтаж  оконных, дверных откосов из штукатурки;м.пог;17.00;79;79;s.2;Работы по стенам (Демонтаж);;
w.170;Штукатурка гипсовая высококачественная по маякам до 5 см с устройством маяков, с выведением строгой геометрии помещения (углы стен в 90 градусов);м2;170.00;80;80;s.7;Работы по стенам (Отделочные работы);ss.7.2;7.2 Штукатурные работы (стены)
w.171;Штукатурка Цементно-песчаная под плитку по маякам;м2;171.00;81;81;s.7;Работы по стенам (Отделочные работы);ss.7.2;7.2 Штукатурные работы (стены)
w.172;Штукатурка ЦПС высококачественная с выведением строгой геометрии помещения по маякам (углы стен в 90 градусов);м2;172.00;82;82;s.7;Работы по стенам (Отделочные работы);ss.7.2;7.2 Штукатурные работы (стены)
w.173;"Визуальное выравнивание штукатуркой стен ""под шпатель""";м2;173.00;83;83;s.7;Работы по стенам (Отделочные работы);ss.7.2;7.2 Штукатурные работы (стены)
w.174;Изготовление портала в стене под скрытый/теневой напольный плинтус;м.пог;174.00;84;84;s.7;Работы по стенам (Отделочные работы);ss.7.2;7.2 Штукатурные работы (стены)
w.175;Армирование штукатурного слоя металлической сеткой с креплением  к стене (для ЦПС);м2;175.00;85;85;s.7;Работы по стенам (Отделочные работы);ss.7.2;7.2 Штукатурные работы (стены)
w.176;Гидроизоляция стен обмазочными смесями в 2-3 слоя;м2;176.00;86;86;s.7;Работы по стенам (Отделочные работы);ss.7.3;7.3 Тепло-звуко-гидроизоляция стен
w.177;Тепло/ звуко-изоляция стен (мин. вата, пеноплекс, пенофол) в металлокаркас;м2;177.00;87;87;s.7;Работы по стенам (Отделочные работы);ss.7.3;7.3 Тепло-звуко-гидроизоляция стен
w.178;Теплоизоляция стен (мин. вата, пеноплекс, пенофол) клеево-грибковый монтаж;м2;178.00;88;88;s.7;Работы по стенам (Отделочные работы);ss.7.3;7.3 Тепло-звуко-гидроизоляция стен
w.179;"Монтаж ""теплой стены"" в санузел";м2;179.00;89;89;s.7;Работы по стенам (Отделочные работы);ss.7.3;7.3 Тепло-звуко-гидроизоляция стен
w.18;Демонтаж штукатурки толщиной до 3см.;м2;18.00;90;90;s.2;Работы по стенам (Демонтаж);;
w.180;Монтаж металлического каркаса для ГКЛ;м2;180.00;91;91;s.7;Работы по стенам (Отделочные работы);ss.7.4;7.4 ГКЛ стены
w.181;Монтаж ГКЛ по готовому каркасу (1 слой) с одной стороны;м2;181.00;92;92;s.7;Работы по стенам (Отделочные работы);ss.7.4;7.4 ГКЛ стены
w.182;Монтаж ГКЛ по готовому каркасу (дополнительный 2-ой слой) с одной стороны;м2;182.00;93;93;s.7;Работы по стенам (Отделочные работы);ss.7.4;7.4 ГКЛ стены
w.183;Изготовление внутренней ниши в стене из ГКЛ/пеноблока не более 1 м2;шт.;183.00;94;94;s.7;Работы по стенам (Отделочные работы);ss.7.4;7.4 ГКЛ стены
w.184;Облицовка стен ГКЛ на клею (перлфикс) без металлокаркаса;м2;184.00;95;95;s.7;Работы по стенам (Отделочные работы);ss.7.4;7.4 ГКЛ стены
w.185;Проклейка лентой и заделка швов и саморезов на стенах из ГКЛ (технология KHAUF) с армировкой;м2;185.00;96;96;s.7;Работы по стенам (Отделочные работы);ss.7.4;7.4 ГКЛ стены
w.186;Монтаж короба из ГКЛ сложной формы с прямолинейными эл-ми (включая внутренние ниши под радиатор, ниши для полок и т.д.);м.пог;186.00;97;97;s.7;Работы по стенам (Отделочные работы);ss.7.4;7.4 ГКЛ стены
w.187;Монтаж торцевых элементов стен и коробов из ГКЛ шириной до 40 см с изготовлением металлического каркаса, за каждую грань;м.пог;187.00;98;98;s.7;Работы по стенам (Отделочные работы);ss.7.4;7.4 ГКЛ стены
w.188;Монтаж 2-х гранного короба из ГКЛ прямоугольной формы для труб, до 0,5 м шириной;м.пог;188.00;99;99;s.7;Работы по стенам (Отделочные работы);ss.7.4;7.4 ГКЛ стены
w.189;Монтаж деревянного каркаса (бруски, фанера) для вагонки, панелей ПВХ;м2;189.00;100;100;s.7;Работы по стенам (Отделочные работы);ss.7.5;7.5 Панели, вагонка, МДФ стены
w.19;Демонтаж старой керамической плитки и плиточного клея;м2;19.00;101;101;s.2;Работы по стенам (Демонтаж);;
w.190;Монтаж наборных МДФ панелей без уголков и молдингов;м2;190.00;102;102;s.7;Работы по стенам (Отделочные работы);ss.7.5;7.5 Панели, вагонка, МДФ стены
w.191;Монтаж вагонки, без уголков и молдингов;м2;191.00;103;103;s.7;Работы по стенам (Отделочные работы);ss.7.5;7.5 Панели, вагонка, МДФ стены
w.192;Монтаж панелей ПВХ на каркас / на жидкие гвозди (только по выровненной поверхности), без уголков и молдингов;м2;192.00;104;104;s.7;Работы по стенам (Отделочные работы);ss.7.5;7.5 Панели, вагонка, МДФ стены
w.193;Установка декоративного уголка, молдинга для панелей ПВХ;м.пог;193.00;105;105;s.7;Работы по стенам (Отделочные работы);ss.7.5;7.5 Панели, вагонка, МДФ стены
w.194;Штукатурка торцевых элементов стен шириной до 40см, оконных, дверных, арочных откосов;м.пог;194.00;106;106;s.7;Работы по стенам (Отделочные работы);ss.7.6;7.6 Откосы оконные, дверные
w.195;Устройство оконных, дверных, арочных откосов из ГКЛ (монтаж);м.пог;195.00;107;107;s.7;Работы по стенам (Отделочные работы);ss.7.6;7.6 Откосы оконные, дверные
w.196;Утепление оконных откосов;м.пог;196.00;108;108;s.7;Работы по стенам (Отделочные работы);ss.7.6;7.6 Откосы оконные, дверные
w.197;Монтаж  штукатурного/малярного перфорированного уголка;м.пог;197.00;109;109;s.7;Работы по стенам (Отделочные работы);ss.7.7;7.7 Малярные работы (стены)
w.198;Монтаж углозащитной ленты;м.пог;198.00;110;110;s.7;Работы по стенам (Отделочные работы);ss.7.7;7.7 Малярные работы (стены)
w.199;Защита стен от трещин - армирование стен малярной сеткой;м2;199.00;111;111;s.7;Работы по стенам (Отделочные работы);ss.7.7;7.7 Малярные работы (стены)
w.2;Очистка потолка от шпаклевки/водоэмульсионной краски;м2;2.00;112;112;s.1;Работы по потолкам (Демонтаж);;
w.20;Демонтаж старых обоев (за слой);м2;20.00;113;113;s.2;Работы по стенам (Демонтаж);;
w.200;Защита стен от микротрещин - армирование стеклохолстом;м2;200.00;114;114;s.7;Работы по стенам (Отделочные работы);ss.7.7;7.7 Малярные работы (стены)
w.201;Грунтовка стен под обои ( 2 слоя);м2;201.00;115;115;s.7;Работы по стенам (Отделочные работы);ss.7.7;7.7 Малярные работы (стены)
w.202;Шпатлёвка стен базовая в 2 слоя со шлифовкой (под обои);м2;202.00;116;116;s.7;Работы по стенам (Отделочные работы);ss.7.7;7.7 Малярные работы (стены)
w.203;"Протяжка шпаклевкой ""под правило"" неровностей плоскости штукатурки стен";м2;203.00;117;117;s.7;Работы по стенам (Отделочные работы);ss.7.7;7.7 Малярные работы (стены)
w.204;Грунтовка стен под покраску (все слои);м2;204.00;118;118;s.7;Работы по стенам (Отделочные работы);ss.7.7;7.7 Малярные работы (стены)
w.205;Шпатлёвка стен финишная в 2-3 слоя со шлифовкой (под покраску) качество К-3;м2;205.00;119;119;s.7;Работы по стенам (Отделочные работы);ss.7.7;7.7 Малярные работы (стены)
w.206;Шпатлёвка стен финишная в 2-3 слоя со шлифовкой (под покраску) качество К-4;м2;206.00;120;120;s.7;Работы по стенам (Отделочные работы);ss.7.7;7.7 Малярные работы (стены)
w.207;Грунтование стен грунт-краской Праймер перед покраской;м2;207.00;121;121;s.7;Работы по стенам (Отделочные работы);ss.7.7;7.7 Малярные работы (стены)
w.208;Покраска стен водоэмульсионной краской (2-3 слоя);м2;208.00;122;122;s.7;Работы по стенам (Отделочные работы);ss.7.7;7.7 Малярные работы (стены)
w.209;Формирование стыка двух разных цветов краски на стенах;м.пог;209.00;123;123;s.7;Работы по стенам (Отделочные работы);ss.7.7;7.7 Малярные работы (стены)
w.21;Расчистка масляной, водоэмульсионной краски со стен;м2;21.00;124;124;s.2;Работы по стенам (Демонтаж);;
w.210;Грунтовка, шпаклёвка базовая и финишная, шлифовка торцевых элементов стен шириной до 40см, откосов под покраску;м.пог;210.00;125;125;s.7;Работы по стенам (Отделочные работы);ss.7.7;7.7 Малярные работы (стены)
w.211;Покраска торцевых элементов, откосов;м.пог;211.00;126;126;s.7;Работы по стенам (Отделочные работы);ss.7.7;7.7 Малярные работы (стены)
w.212;Укрывка стен защитной пленкой от строительной пыли;м2;212.00;127;127;s.7;Работы по стенам (Отделочные работы);ss.7.7;7.7 Малярные работы (стены)
w.213;Поклейка обоев ( винил, флизелин,шелкография) с подгоном рисунка;м2;213.00;128;128;s.7;Работы по стенам (Отделочные работы);ss.7.7;7.7 Малярные работы (стены)
w.214;Поклейка обоев ( винил, флизелин,шелкография) без подгона рисунка,;м2;214.00;129;129;s.7;Работы по стенам (Отделочные работы);ss.7.7;7.7 Малярные работы (стены)
w.215;Поклейка обоев под покраску;м2;215.00;130;130;s.7;Работы по стенам (Отделочные работы);ss.7.7;7.7 Малярные работы (стены)
w.216;Покраска обоев;м2;216.00;131;131;s.7;Работы по стенам (Отделочные работы);ss.7.7;7.7 Малярные работы (стены)
w.217;Шлифовка стен (Ошкуривание);м2;217.00;132;132;s.7;Работы по стенам (Отделочные работы);ss.7.7;7.7 Малярные работы (стены)
w.218;Покраска гипсовых 3D панелей;м2;218.00;133;133;s.7;Работы по стенам (Отделочные работы);ss.7.8;7.8 Декоративные покрытия (стены)
w.219;Монтаж гипсовых 3D панелей на подготовленную поверхность;м2;219.00;134;134;s.7;Работы по стенам (Отделочные работы);ss.7.8;7.8 Декоративные покрытия (стены)
w.22;Демонтаж подоконника;м.пог;22.00;135;135;s.2;Работы по стенам (Демонтаж);;
w.220;Грунтовка, шпаклевка и шлифовка стыков гипсовых 3D панелей;м2;220.00;136;136;s.7;Работы по стенам (Отделочные работы);ss.7.8;7.8 Декоративные покрытия (стены)
w.221;Поклейка фотообоев, фресок;м2;221.00;137;137;s.7;Работы по стенам (Отделочные работы);ss.7.8;7.8 Декоративные покрытия (стены)
w.222;Облицовка стен пробковыми покрытиями с лаком;м2;222.00;138;138;s.7;Работы по стенам (Отделочные работы);ss.7.8;7.8 Декоративные покрытия (стены)
w.223;Монтаж декоративной, структурной штукатурки (не более 2ух слоев);м2;223.00;139;139;s.7;Работы по стенам (Отделочные работы);ss.7.8;7.8 Декоративные покрытия (стены)
w.224;Нанесение венецианской штукатурки, декоративной штукатурки (более 3ех слоёв);м2;224.00;140;140;s.7;Работы по стенам (Отделочные работы);ss.7.8;7.8 Декоративные покрытия (стены)
w.225;Монтаж лепнины, молдингов из полиуретана/гипса на стены (включая шпаклёвку стыков, шлифовку);м.пог;225.00;141;141;s.7;Работы по стенам (Отделочные работы);ss.7.8;7.8 Декоративные покрытия (стены)
w.226;Покраска лепнины, молдингов на стене;м.пог;226.00;142;142;s.7;Работы по стенам (Отделочные работы);ss.7.8;7.8 Декоративные покрытия (стены)
w.227;Облицовка стен керамической плиткой стандартных размеров(от 20х30 до 30х60см) с применением Системы Выравнивания Плитки, по оштукатуренной поверхности;м2;227.00;143;143;s.7;Работы по стенам (Отделочные работы);ss.7.9;7.9 Плиточные работы (стены)
w.228;Облицовка стен керамической плиткой не стандартной (до 60х120см) с применением Системы Выравнивания Плитки, по оштукатуренной поверхности;м2;228.00;144;144;s.7;Работы по стенам (Отделочные работы);ss.7.9;7.9 Плиточные работы (стены)
w.229;"Облицовка стен мелкой плиткой ""кабанчик"", гексагон (10х10, 10х20, 15×15, 20х20см) с применением Системы Выравнивания Плитки, по ровной поверхности";м2;229.00;145;145;s.7;Работы по стенам (Отделочные работы);ss.7.9;7.9 Плиточные работы (стены)
w.23;Демонтаж наличника;м.пог;23.00;146;146;s.2;Работы по стенам (Демонтаж);;
w.230;Облицовка стен по диагонали, ёлочкой керамической плиткой стандартных размеров(от 20х20 до 60х60см) с применением Системы Выравнивания Плитки, по оштукатуренной поверхности;м2;230.00;147;147;s.7;Работы по стенам (Отделочные работы);ss.7.9;7.9 Плиточные работы (стены)
w.231;Облицовка стен керамогранитом (до 80х80, 50х90см) с применением Системы Выравнивания Плитки, по ровной поверхности;м2;231.00;148;148;s.7;Работы по стенам (Отделочные работы);ss.7.9;7.9 Плиточные работы (стены)
w.232;Облицовка стен крупноформатным керамогранитом (до 120х120, 80х160см) с применением Системы Выравнивания Плитки, по ровной, оштукатуренной поверхности;м2;232.00;149;149;s.7;Работы по стенам (Отделочные работы);ss.7.9;7.9 Плиточные работы (стены)
w.233;Облицовка стен ультра крупноформатным керамогранитом (свыше 120х120см) с применением Системы Выравнивания Плитки, по ровной, оштукатуренной поверхности;м2;233.00;150;150;s.7;Работы по стенам (Отделочные работы);ss.7.9;7.9 Плиточные работы (стены)
w.234;Установка крупноформатных зеркал на подготовленную поверхность (на штукатурку с гидроизоляцией);м2;234.00;151;151;s.7;Работы по стенам (Отделочные работы);ss.7.9;7.9 Плиточные работы (стены)
w.235;Облицовка стен мозаикой по ровной поверхности;м2;235.00;152;152;s.7;Работы по стенам (Отделочные работы);ss.7.9;7.9 Плиточные работы (стены)
w.236;Облицовка торцевых элементов, дверных, оконных откосов шириной до 0,5 м кармической плиткой/керамогранитом с применением Системы Выравнивания Плитки;пог.м;236.00;153;153;s.7;Работы по стенам (Отделочные работы);ss.7.9;7.9 Плиточные работы (стены)
w.237;Облицовка мозаикой внутренних ниш, полок, лавок (хамам);м2;237.00;154;154;s.7;Работы по стенам (Отделочные работы);ss.7.9;7.9 Плиточные работы (стены)
w.238;Укладка декора (не в размер плитки или рисунок, панно, стекло);шт.;238.00;155;155;s.7;Работы по стенам (Отделочные работы);ss.7.9;7.9 Плиточные работы (стены)
w.239;Укладка декоративного бордюра;м.пог;239.00;156;156;s.7;Работы по стенам (Отделочные работы);ss.7.9;7.9 Плиточные работы (стены)
w.24;Демонтаж дверного блока без сохранения;шт.;24.00;157;157;s.2;Работы по стенам (Демонтаж);;
w.240;Облицовка стен декоративным камнем (кирпич);м2;240.00;158;158;s.7;Работы по стенам (Отделочные работы);ss.7.9;7.9 Плиточные работы (стены)
w.241;Затирка плиточных швов настенной плитки цементная;м2;241.00;159;159;s.7;Работы по стенам (Отделочные работы);ss.7.9;7.9 Плиточные работы (стены)
w.242;Затирка плиточных швов 2-х компонентная;м2;242.00;160;160;s.7;Работы по стенам (Отделочные работы);ss.7.9;7.9 Плиточные работы (стены)
w.243;Затирка мозаики цементная;м2;243.00;161;161;s.7;Работы по стенам (Отделочные работы);ss.7.9;7.9 Плиточные работы (стены)
w.244;Запил (обработка) углов плитки под 45° (погонаж угла) с одной стороны стены;м.пог;244.00;162;162;s.7;Работы по стенам (Отделочные работы);ss.7.9;7.9 Плиточные работы (стены)
w.245;Прямолинейный чистовой рез плитки;м.пог;245.00;163;163;s.7;Работы по стенам (Отделочные работы);ss.7.9;7.9 Плиточные работы (стены)
w.246;Прямолинейный чистовой рез керамогранита;м.пог;246.00;164;164;s.7;Работы по стенам (Отделочные работы);ss.7.9;7.9 Плиточные работы (стены)
w.247;Изготовление отверстия в плитке/керамограните;шт.;247.00;165;165;s.7;Работы по стенам (Отделочные работы);ss.7.9;7.9 Плиточные работы (стены)
w.248;Монтаж декоративного уголка, раскладка;м.пог;248.00;166;166;s.7;Работы по стенам (Отделочные работы);ss.7.9;7.9 Плиточные работы (стены)
w.249;Подрезка мозаики;м.пог;249.00;167;167;s.7;Работы по стенам (Отделочные работы);ss.7.9;7.9 Плиточные работы (стены)
w.25;Демонтаж оконного блока без сохранения;шт.;25.00;168;168;s.2;Работы по стенам (Демонтаж);;
w.250;Раскладка плитки для подбора рисунка (в случае появления этой доп работы);м2;250.00;169;169;s.7;Работы по стенам (Отделочные работы);ss.7.9;7.9 Плиточные работы (стены)
w.251;Покрытие пола бетоноконтактом 1 слой ( с пылесосом);м2;251.00;170;170;s.8;Работы по полам (Отделочные работы);ss.8.1;8.1 Стяжки, подиум
w.252;Грунтование пола акриловой грунтовкой 1 слой;м2;252.00;171;171;s.8;Работы по полам (Отделочные работы);ss.8.1;8.1 Стяжки, подиум
w.253;Гидроизоляция пола рулонными материалами, битумными мастиками с заходом на стены 10см;м2;253.00;172;172;s.8;Работы по полам (Отделочные работы);ss.8.1;8.1 Стяжки, подиум
w.254;Монтаж армирующей металлической сетки в стяжку пола;м2;254.00;173;173;s.8;Работы по полам (Отделочные работы);ss.8.1;8.1 Стяжки, подиум
w.255;Пескобетонная стяжка пола до 5 см;м2;255.00;174;174;s.8;Работы по полам (Отделочные работы);ss.8.1;8.1 Стяжки, подиум
w.256;Пескобетонная стяжка пола от 6 до 10 см;м2;256.00;175;175;s.8;Работы по полам (Отделочные работы);ss.8.1;8.1 Стяжки, подиум
w.257;Изготовление приямка для электрического теплого пола;м2;257.00;176;176;s.8;Работы по полам (Отделочные работы);ss.8.1;8.1 Стяжки, подиум
w.258;Устройство стяжки из керамзитобетона до 10 см. толщиной (смесь пескобетона м-300 и керамзита);м2;258.00;177;177;s.8;Работы по полам (Отделочные работы);ss.8.1;8.1 Стяжки, подиум
w.259;Выравнивание пола самонивелирующей смесью (наливной пол);м2;259.00;178;178;s.8;Работы по полам (Отделочные работы);ss.8.1;8.1 Стяжки, подиум
w.26;Демонтаж фальшстены из ГКЛ, панелей ПВХ с каркасом, вагонки;м2;26.00;179;179;s.2;Работы по стенам (Демонтаж);;
w.260;Монтаж демпферной ленты перед стяжкой пола;м.пог;260.00;180;180;s.8;Работы по полам (Отделочные работы);ss.8.1;8.1 Стяжки, подиум
w.261;Возведение поддона душевой кабины индивидуального в строительном исполнении с разуклонкой (включая гидроизоляцию под поддон и поверх, вокруг трапа);м2;261.00;181;181;s.8;Работы по полам (Отделочные работы);ss.8.1;8.1 Стяжки, подиум
w.262;Гидроизоляция пола обмазочными смесями 2 слоя;м2;262.00;182;182;s.8;Работы по полам (Отделочные работы);ss.8.2;8.2 Тепло-звуко-гидроизоляция пола
w.263;Монтаж гидроизоляционной ленты KNAUF в углы;м.пог;263.00;183;183;s.8;Работы по полам (Отделочные работы);ss.8.2;8.2 Тепло-звуко-гидроизоляция пола
w.264;Теплоизоляция пола (мин. вата, пеноплекс, пенофол, урса);м2;264.00;184;184;s.8;Работы по полам (Отделочные работы);ss.8.2;8.2 Тепло-звуко-гидроизоляция пола
w.265;Звукоизоляция (рулонная)  от ударного шума;м2;265.00;185;185;s.8;Работы по полам (Отделочные работы);ss.8.2;8.2 Тепло-звуко-гидроизоляция пола
w.266;Монтаж звукоизоляционных сэндвич панелей ЗИПС, демпферной ленты, на подготовленную поверхность, на пол;м2;266.00;186;186;s.8;Работы по полам (Отделочные работы);ss.8.2;8.2 Тепло-звуко-гидроизоляция пола
w.267;Монтаж электрического теплого пола;м2;267.00;187;187;s.8;Работы по полам (Отделочные работы);ss.8.3;8.3 Тёплый пол электрический
w.268;Монтаж отражающей теплоизоляции на пол;м2;268.00;188;188;s.8;Работы по полам (Отделочные работы);ss.8.3;8.3 Тёплый пол электрический
w.269;Монтаж датчика теплого пола;шт.;269.00;189;189;s.8;Работы по полам (Отделочные работы);ss.8.3;8.3 Тёплый пол электрический
w.27;Очистка шпаклевки со стен;м2;27.00;190;190;s.2;Работы по стенам (Демонтаж);;
w.270;Монтаж с расключением терморегулятора тёплого пола;шт.;270.00;191;191;s.8;Работы по полам (Отделочные работы);ss.8.3;8.3 Тёплый пол электрический
w.271;Влагоизоляция пола (настил пленки);м2;271.00;192;192;s.8;Работы по полам (Отделочные работы);ss.8.4;8.4 Сухие сборные полы Кнауф
w.272;Монтаж сухой стяжки Knauf до 5 см (засыпка, элементы пола толщиной 20мм на клей и саморез);м2;272.00;193;193;s.8;Работы по полам (Отделочные работы);ss.8.4;8.4 Сухие сборные полы Кнауф
w.273;Монтаж сухой стяжки Knauf до 10 см (засыпка, промежуточный слой ГВЛ , засыпка, элементы пола толщиной 20мм на клей и саморез);м2;273.00;194;194;s.8;Работы по полам (Отделочные работы);ss.8.4;8.4 Сухие сборные полы Кнауф
w.274;Монтаж  листов ГВЛ к элементам пола  Knauf, в качестве второго слоя на клей и саморез;м2;274.00;195;195;s.8;Работы по полам (Отделочные работы);ss.8.4;8.4 Сухие сборные полы Кнауф
w.275;Укладка ламината по прямой, с укладкой подложки;м2;275.00;196;196;s.8;Работы по полам (Отделочные работы);ss.8.5;8.5 Ламинат, доска, массив, пробка
w.276;Укладка ламината по диагонали, с укладкой подложки;м2;276.00;197;197;s.8;Работы по полам (Отделочные работы);ss.8.5;8.5 Ламинат, доска, массив, пробка
w.277;Укладка паркетной доски (на клей);м2;277.00;198;198;s.8;Работы по полам (Отделочные работы);ss.8.5;8.5 Ламинат, доска, массив, пробка
w.278;Укладка паркетной доски на клей, с шлифовкой, шпаклевкой стыков, покрытием лаком/маслом;м2;278.00;199;199;s.8;Работы по полам (Отделочные работы);ss.8.5;8.5 Ламинат, доска, массив, пробка
w.279;Укладка паркетной доски ёлочкой на клей, с шлифовкой, шпаклевкой стыков, покрытием лаком/маслом;м2;279.00;200;200;s.8;Работы по полам (Отделочные работы);ss.8.5;8.5 Ламинат, доска, массив, пробка
w.28;Демонтаж арки;м2;28.00;201;201;s.2;Работы по стенам (Демонтаж);;
w.280;Настил инженерной доски, лакированной массивной доски на клей по прямой;м2;280.00;202;202;s.8;Работы по полам (Отделочные работы);ss.8.5;8.5 Ламинат, доска, массив, пробка
w.281;Настил инженерной доски, лакированной массивной доски на клей по диагонали;м2;281.00;203;203;s.8;Работы по полам (Отделочные работы);ss.8.5;8.5 Ламинат, доска, массив, пробка
w.282;Укладка пробкового покрытия, с фиксацией на клей;м2;282.00;204;204;s.8;Работы по полам (Отделочные работы);ss.8.5;8.5 Ламинат, доска, массив, пробка
w.283;Реставрация  паркета (Циклевка, Шпатлевка, Шлифовка, Лакировка(3слоя) (минимум 18 м2) с перекладкой не более 10% плашек;м2;283.00;205;205;s.8;Работы по полам (Отделочные работы);ss.8.5;8.5 Ламинат, доска, массив, пробка
w.284;Установка лаг, шаг 40 см, без укладки фанеры;м2;284.00;206;206;s.8;Работы по полам (Отделочные работы);ss.8.5;8.5 Ламинат, доска, массив, пробка
w.285;Укладка фанеры, листов OSB, с креплением на деревянные лаги, 1 слой;м2;285.00;207;207;s.8;Работы по полам (Отделочные работы);ss.8.5;8.5 Ламинат, доска, массив, пробка
w.286;Укладка фанеры с креплением на бетонное основание на двухкомпонентный клей, 1 слой, с распилом 30х30 либо 60х60см;м2;286.00;208;208;s.8;Работы по полам (Отделочные работы);ss.8.5;8.5 Ламинат, доска, массив, пробка
w.287;Укладка фанеры, листов OSB , дополнительный слой;м2;287.00;209;209;s.8;Работы по полам (Отделочные работы);ss.8.5;8.5 Ламинат, доска, массив, пробка
w.288;Шлифовка фанеры перед укладкой чистовых напольных покрытий;м2;288.00;210;210;s.8;Работы по полам (Отделочные работы);ss.8.5;8.5 Ламинат, доска, массив, пробка
w.289;Укрывка пола защитным слоем из ДВП/оргалита с проклейкой стыков скотчем;м2;289.00;211;211;s.8;Работы по полам (Отделочные работы);ss.8.5;8.5 Ламинат, доска, массив, пробка
w.29;Демонтаж шкафов и антресолей (без сохранения) .;м3;29.00;212;212;s.2;Работы по стенам (Демонтаж);;
w.290;Настил линолеума, ковролина с фиксацией на клей;м2;290.00;213;213;s.8;Работы по полам (Отделочные работы);ss.8.6;8.6 Линолеум, Ковролин, Кварцвинил
w.291;Загиб коммерческого линолеума на стены с фиксацией;м.пог;291.00;214;214;s.8;Работы по полам (Отделочные работы);ss.8.6;8.6 Линолеум, Ковролин, Кварцвинил
w.292;Укладка кварцвиниловой плитки замковой с подложкой по прямой;м2;292.00;215;215;s.8;Работы по полам (Отделочные работы);ss.8.6;8.6 Линолеум, Ковролин, Кварцвинил
w.293;Укладка кварцвиниловой плитки на клей по прямой;м2;293.00;216;216;s.8;Работы по полам (Отделочные работы);ss.8.6;8.6 Линолеум, Ковролин, Кварцвинил
w.294;Укладка кварцвиниловой плитки замковой ёлочкой с подложкой;м2;294.00;217;217;s.8;Работы по полам (Отделочные работы);ss.8.6;8.6 Линолеум, Ковролин, Кварцвинил
w.295;Укладка кварцвиниловой плитки на клей ёлочкой;м2;295.00;218;218;s.8;Работы по полам (Отделочные работы);ss.8.6;8.6 Линолеум, Ковролин, Кварцвинил
w.296;Укладка плитки (от 30х30 до 60х60см) на пол по прямой, с применением Системы Выравнивания Плитки, на ровное основание;м2;296.00;219;219;s.8;Работы по полам (Отделочные работы);ss.8.7;8.7 Плиточные работы пол
w.297;Укладка плитки мелкоформатной, гексагон, кабанчик (до 20х20) с применением Системы Выравнивания Плитки, на ровное основание;м2;297.00;220;220;s.8;Работы по полам (Отделочные работы);ss.8.7;8.7 Плиточные работы пол
w.298;Укладка плитки (от 30х30 до 60х60см) на пол по диагонали, с применением Системы Выравнивания Плитки, на ровное основание;м2;298.00;221;221;s.8;Работы по полам (Отделочные работы);ss.8.7;8.7 Плиточные работы пол
w.299;Укладка плитки мелкоформатной (до 20х20) на пол по диагонали, с применением Системы Выравнивания Плитки, на ровное основание;м2;299.00;222;222;s.8;Работы по полам (Отделочные работы);ss.8.7;8.7 Плиточные работы пол
w.3;Демонтаж штукатурки с потолка;м2;3.00;223;223;s.1;Работы по потолкам (Демонтаж);;
w.30;Демонтаж стен сан-тех кабины (коробка сан узла)из азбестоцементных плит с арматурой;шт.;30.00;224;224;s.2;Работы по стенам (Демонтаж);;
w.300;"Укладка плитки на пол ""ёлочкой"", с применением Системы Выравнивания Плитки, на ровное основание";м2;300.00;225;225;s.8;Работы по полам (Отделочные работы);ss.8.7;8.7 Плиточные работы пол
w.301;Укладка керамогранита (до 80х80, 50х90см), с применением Системы Выравнивания Плитки, на ровное основание;м2;301.00;226;226;s.8;Работы по полам (Отделочные работы);ss.8.7;8.7 Плиточные работы пол
w.302;Укладка керамогранита (до 120х120, 80х160см), с применением Системы Выравнивания Плитки, на ровное основание;м2;302.00;227;227;s.8;Работы по полам (Отделочные работы);ss.8.7;8.7 Плиточные работы пол
w.303;Укладка ультра крупноформатного керамогранита (свыше 120см) с применением Системы Выравнивания Плитки, на ровное основание;м2;303.00;228;228;s.8;Работы по полам (Отделочные работы);ss.8.7;8.7 Плиточные работы пол
w.304;Укладка мозаики, на выровненное основание;м2;304.00;229;229;s.8;Работы по полам (Отделочные работы);ss.8.7;8.7 Плиточные работы пол
w.305;Укладка декора, панно, не в размер плитки;шт.;305.00;230;230;s.8;Работы по полам (Отделочные работы);ss.8.7;8.7 Плиточные работы пол
w.306;Облицовка керамогранитом поддона душевой кабины с разуклонкой;м2;306.00;231;231;s.8;Работы по полам (Отделочные работы);ss.8.7;8.7 Плиточные работы пол
w.307;Устройство порогов из плитки, бортов душевого поддона;м.пог;307.00;232;232;s.8;Работы по полам (Отделочные работы);ss.8.7;8.7 Плиточные работы пол
w.308;Устройство ступеней из плитки/керамогранита;м.пог;308.00;233;233;s.8;Работы по полам (Отделочные работы);ss.8.7;8.7 Плиточные работы пол
w.309;Устройство подступёнков из плитки;м.пог;309.00;234;234;s.8;Работы по полам (Отделочные работы);ss.8.7;8.7 Плиточные работы пол
w.31;Демонтаж плинтусов;м.пог;31.00;235;235;s.3;Работы по полам (Демонтаж);;
w.310;Штукатурное выравнивание ступеней лестничных маршей;м.пог;310.00;236;236;s.8;Работы по полам (Отделочные работы);ss.8.7;8.7 Плиточные работы пол
w.311;Затирка плиточных швов напольной плитки цементная;м2;311.00;237;237;s.8;Работы по полам (Отделочные работы);ss.8.7;8.7 Плиточные работы пол
w.312;Затирка плиточных швов 2-х компонентная;м2;312.00;238;238;s.8;Работы по полам (Отделочные работы);ss.8.7;8.7 Плиточные работы пол
w.313;Прямолинейный чистовой рез керамической плитки;м.пог;313.00;239;239;s.8;Работы по полам (Отделочные работы);ss.8.7;8.7 Плиточные работы пол
w.314;Прямолинейный чистовой рез керамогранита;м.пог;314.00;240;240;s.8;Работы по полам (Отделочные работы);ss.8.7;8.7 Плиточные работы пол
w.315;Монтаж плинтуса из плитки/керамогранита, с затиркой, с запилом углов под 45 градусов;м.пог;315.00;241;241;s.8;Работы по полам (Отделочные работы);ss.8.8;8.8 Плинтус, порожки
w.316;Монтаж пластикового плинтуса;м.пог;316.00;242;242;s.8;Работы по полам (Отделочные работы);ss.8.8;8.8 Плинтус, порожки
w.317;Монтаж деревянного, мдф , полиуретан плинтуса, с запилом углов под 45 градусов (без покраски);м.пог;317.00;243;243;s.8;Работы по полам (Отделочные работы);ss.8.8;8.8 Плинтус, порожки
w.318;Покраска напольного плинтуса;м.пог;318.00;244;244;s.8;Работы по полам (Отделочные работы);ss.8.8;8.8 Плинтус, порожки
w.319;Монтаж Т-образного перехода (порожка);м.пог;319.00;245;245;s.8;Работы по полам (Отделочные работы);ss.8.8;8.8 Плинтус, порожки
w.32;Демонтаж приклеенного линолеума, плитки из ПВХ, оргалита, ламината, паркетной/инженерной доски;м2;32.00;246;246;s.3;Работы по полам (Демонтаж);;
w.320;Устройство перехода (скрытый порожек) пробка/герметик;м.пог;320.00;247;247;s.8;Работы по полам (Отделочные работы);ss.8.8;8.8 Плинтус, порожки
w.321;Установка профиля (закладной) для плинтуса скрытого монтажа;м.пог;321.00;248;248;s.8;Работы по полам (Отделочные работы);ss.8.8;8.8 Плинтус, порожки
w.322;Монтаж теневого (подсечного) плинтуса;м.пог;322.00;249;249;s.8;Работы по полам (Отделочные работы);ss.8.8;8.8 Плинтус, порожки
w.323;Установка душевой кабины простой со сборкой;шт.;323.00;250;250;s.9;Сантехнические работы;ss.9.1;9.1 Установка и подключение душевой кабины
w.324;Установка душевой кабины с гидромассажем со сборкой;шт.;324.00;251;251;s.9;Сантехнические работы;ss.9.1;9.1 Установка и подключение душевой кабины
w.325;Установка душевой кабины с джакузи, гидромассажем и парогенератором со сборкой;шт.;325.00;252;252;s.9;Сантехнические работы;ss.9.1;9.1 Установка и подключение душевой кабины
w.326;Установка поддона чугунного;шт.;326.00;253;253;s.9;Сантехнические работы;ss.9.1;9.1 Установка и подключение душевой кабины
w.327;Установка поддона металлического;шт.;327.00;254;254;s.9;Сантехнические работы;ss.9.1;9.1 Установка и подключение душевой кабины
w.328;Установка поддона акрилового;шт.;328.00;255;255;s.9;Сантехнические работы;ss.9.1;9.1 Установка и подключение душевой кабины
w.329;Изготовление подиума для поддона/стиральной машины/ванны;шт.;329.00;256;256;s.9;Сантехнические работы;ss.9.1;9.1 Установка и подключение душевой кабины
w.33;Демонтаж НЕ приклеенного линолеума, ламината, паркетной доски, старого паркета;м2;33.00;257;257;s.3;Работы по полам (Демонтаж);;
w.330;Установка трапа точечного;шт.;330.00;258;258;s.9;Сантехнические работы;ss.9.1;9.1 Установка и подключение душевой кабины
w.331;Установка трапа линейного;шт.;331.00;259;259;s.9;Сантехнические работы;ss.9.1;9.1 Установка и подключение душевой кабины
w.332;Установка ванны акриловой с гидромассажем;шт.;332.00;260;260;s.9;Сантехнические работы;ss.9.2;9.2 Установка ванны
w.333;Установка ванны чугунной с обвязкой;шт.;333.00;261;261;s.9;Сантехнические работы;ss.9.2;9.2 Установка ванны
w.334;Установка ванны акриловой, стальной с обвязкой;шт.;334.00;262;262;s.9;Сантехнические работы;ss.9.2;9.2 Установка ванны
w.335;Установка ванны камень;шт.;335.00;263;263;s.9;Сантехнические работы;ss.9.2;9.2 Установка ванны
w.336;Гидроизоляция швов ванны  силиконом;м.пог;336.00;264;264;s.9;Сантехнические работы;ss.9.2;9.2 Установка ванны
w.337;Монтаж стационарных  стеклянных-стеклопластиковых перегородок душевого уголка;шт.;337.00;265;265;s.9;Сантехнические работы;ss.9.2;9.2 Установка ванны
w.338;Монтаж стационарных  стеклянных-стеклопластиковых шторок на ванну;шт.;338.00;266;266;s.9;Сантехнические работы;ss.9.2;9.2 Установка ванны
w.339;Установка раздвижного экрана под ванну;шт.;339.00;267;267;s.9;Сантехнические работы;ss.9.2;9.2 Установка ванны
w.34;Демонтаж старых дощатых полов с лагами, с наполнителем;м2;34.00;268;268;s.3;Работы по полам (Демонтаж);;
w.340;Установка акрилового экрана под ванну;шт.;340.00;269;269;s.9;Сантехнические работы;ss.9.2;9.2 Установка ванны
w.341;Монтаж и изготовление экрана под ванну из пеноблоков с лючком;шт.;341.00;270;270;s.9;Сантехнические работы;ss.9.2;9.2 Установка ванны
w.342;Установка унитаза/биде напольного;шт.;342.00;271;271;s.9;Сантехнические работы;ss.9.3;9.3 Установка унитаза
w.343;Установка чаши инсталляции/биде и кнопки, с герметизацией стыка, монтажем сиденья;шт.;343.00;272;272;s.9;Сантехнические работы;ss.9.3;9.3 Установка унитаза
w.344;Установка чаши инсталляции с функцией биде, установка кнопки, с герметизацией стыка, монтажом сиденья;шт.;344.00;273;273;s.9;Сантехнические работы;ss.9.3;9.3 Установка унитаза
w.345;Сборка и установка инсталляции (без чаши);шт.;345.00;274;274;s.9;Сантехнические работы;ss.9.3;9.3 Установка унитаза
w.346;Расчеканка канализационного стояка (чугун на пластик);шт.;346.00;275;275;s.9;Сантехнические работы;ss.9.3;9.3 Установка унитаза
w.347;Монтаж труб водоснабжения ХВС/ГВС REHAU, ПВХ (с штроблением, заделкой штробы и установкой водорозетки);точка;347.00;276;276;s.9;Сантехнические работы;ss.9.4;9.4 Монтаж труб и арматуры
w.348;Монтаж медных труб водоснабжения (без штробления);точка;348.00;277;277;s.9;Сантехнические работы;ss.9.4;9.4 Монтаж труб и арматуры
w.349;Монтаж труб канализации  ПВХ с штроблением и заделкой штробы;точка;349.00;278;278;s.9;Сантехнические работы;ss.9.4;9.4 Монтаж труб и арматуры
w.35;Демонтаж НЕ приклеенной фанеры, оргалита;м2;35.00;279;279;s.3;Работы по полам (Демонтаж);;
w.350;Шумоизоляция канализационного стояка;м.пог;350.00;280;280;s.9;Сантехнические работы;ss.9.4;9.4 Монтаж труб и арматуры
w.351;Монтаж труб канализации   рехау раупиано (звукоизоляция) с штроблением и заделкой штробы;точка;351.00;281;281;s.9;Сантехнические работы;ss.9.4;9.4 Монтаж труб и арматуры
w.352;Зачистка горячекатаной трубы стояка ХВС/ГВС/отопления и покраска антикоррозийной краской;м.пог;352.00;282;282;s.9;Сантехнические работы;ss.9.4;9.4 Монтаж труб и арматуры
w.353;Теплоизоляция стояков ХВС, ГВС, отопления энергофлексом;м.пог;353.00;283;283;s.9;Сантехнические работы;ss.9.4;9.4 Монтаж труб и арматуры
w.354;Опрессовка системы ХВС, ГВС, отопления, пролив канализации;комплект;354.00;284;284;s.9;Сантехнические работы;ss.9.4;9.4 Монтаж труб и арматуры
w.355;Монтаж простого сантехшкафа (гидроузла) с фильтрами грубой очистки, счетчиками, редукторами давления, коллекторами (гребенки);комплект;355.00;285;285;s.9;Сантехнические работы;ss.9.4;9.4 Монтаж труб и арматуры
w.356;Монтаж насыщенного сантехшкафа (гидроузла) с фильтрами грубой и тонкой очистки, счетчиками, редукторами давления, компенсаторами гидроудара, Системой защиты от протечек воды Аквастоп/Нептун, манометрами, коллекторами (гребенки);комплект;356.00;286;286;s.9;Сантехнические работы;ss.9.4;9.4 Монтаж труб и арматуры
w.357;Внутренняя отделка сантехшкафа (Алюминиевый лист);комплект;357.00;287;287;s.9;Сантехнические работы;ss.9.4;9.4 Монтаж труб и арматуры
w.358;Монтаж автоматической запорной арматуры (Нептун Аквастоп);шт.;358.00;288;288;s.9;Сантехнические работы;ss.9.4;9.4 Монтаж труб и арматуры
w.359;Установка трапа линейного настенного;шт.;359.00;289;289;s.9;Сантехнические работы;ss.9.4;9.4 Монтаж труб и арматуры
w.36;Демонтаж керамической плитки и плиточного клея;м2;36.00;290;290;s.3;Работы по полам (Демонтаж);;
w.360;Монтаж труб канализации (м.пог. или отрезок) всех диаметров;м.пог;360.00;291;291;s.9;Сантехнические работы;ss.9.4;9.4 Монтаж труб и арматуры
w.361;Прокладка дренажных трасс от блока кондиционера с подключением в стояк канализации;шт.;361.00;292;292;s.9;Сантехнические работы;ss.9.4;9.4 Монтаж труб и арматуры
w.362;Алмазное бурение бетонной/кирпичной стены диаметром 50мм;шт.;362.00;293;293;s.9;Сантехнические работы;ss.9.4;9.4 Монтаж труб и арматуры
w.363;Алмазное бурение бетонной/кирпичной стены диаметром 110мм;шт.;363.00;294;294;s.9;Сантехнические работы;ss.9.4;9.4 Монтаж труб и арматуры
w.364;Монтаж труб водоснабжения от входной двери до сантехшкафа;компл.;364.00;295;295;s.9;Сантехнические работы;ss.9.4;9.4 Монтаж труб и арматуры
w.365;Установка уголков, муфт, тройников – одно соединение;шт.;365.00;296;296;s.9;Сантехнические работы;ss.9.4;9.4 Монтаж труб и арматуры
w.366;Монтаж компенсатора гидроудара;шт.;366.00;297;297;s.9;Сантехнические работы;ss.9.4;9.4 Монтаж труб и арматуры
w.367;Монтаж коллектора (гребёнки) на трубы водоснабжения с подключением к потребителям;точка;367.00;298;298;s.9;Сантехнические работы;ss.9.4;9.4 Монтаж труб и арматуры
w.368;Установка фильтра грубой очистки (без доработки коммуникаций);шт.;368.00;299;299;s.9;Сантехнические работы;ss.9.4;9.4 Монтаж труб и арматуры
w.369;Установка фильтра тонкой очистки (без доработки коммуникаций);шт.;369.00;300;300;s.9;Сантехнические работы;ss.9.4;9.4 Монтаж труб и арматуры
w.37;Демонтаж порожка (пластик, метал);м.пог.;37.00;301;301;s.3;Работы по полам (Демонтаж);;
w.370;Установка регулятора давления (без доработки коммуникаций);шт.;370.00;302;302;s.9;Сантехнические работы;ss.9.4;9.4 Монтаж труб и арматуры
w.371;Установка прибора учёта воды (счётчика)без опломбировки;шт.;371.00;303;303;s.9;Сантехнические работы;ss.9.4;9.4 Монтаж труб и арматуры
w.372;Монтаж блока управления с подключением к запорной арматуре и датчикам (Нептун Аквастоп);к-т.;372.00;304;304;s.9;Сантехнические работы;ss.9.4;9.4 Монтаж труб и арматуры
w.373;Установка полотенцесушителя на готовую подводку;шт.;373.00;305;305;s.9;Сантехнические работы;ss.9.5;9.5 Установка полотенцесушителя
w.374;Установка полотенцесушителя стоимостью свыше 40 000 р;шт.;374.00;306;306;s.9;Сантехнические работы;ss.9.5;9.5 Установка полотенцесушителя
w.375;Монтаж полотенцесушителя электрического;шт.;375.00;307;307;s.9;Сантехнические работы;ss.9.5;9.5 Установка полотенцесушителя
w.376;Установка накладного смесителя на раковину;шт.;376.00;308;308;s.9;Сантехнические работы;ss.9.6;9.6 Установка и подключение смесителя
w.377;Установка накладной душевой системы с изливом на ванну;шт.;377.00;309;309;s.9;Сантехнические работы;ss.9.6;9.6 Установка и подключение смесителя
w.378;Установка накладной душевой системы без излива;шт.;378.00;310;310;s.9;Сантехнические работы;ss.9.6;9.6 Установка и подключение смесителя
w.379;Установка внутренней части встраиваемого смесителя;шт.;379.00;311;311;s.9;Сантехнические работы;ss.9.6;9.6 Установка и подключение смесителя
w.38;Демонтаж порожка (пластик, метал);м.пог.;38.00;312;312;s.3;Работы по полам (Демонтаж);;
w.380;Установка внешней части встраиваемого смесителя;шт.;380.00;313;313;s.9;Сантехнические работы;ss.9.6;9.6 Установка и подключение смесителя
w.381;Установка внутренней части встроенной душевой системы;шт.;381.00;314;314;s.9;Сантехнические работы;ss.9.6;9.6 Установка и подключение смесителя
w.382;Установка внешней части встроенной душевой системы;шт.;382.00;315;315;s.9;Сантехнические работы;ss.9.6;9.6 Установка и подключение смесителя
w.383;Установка подвесной раковины  (без смесителя);шт.;383.00;316;316;s.9;Сантехнические работы;ss.9.7;9.7 Установка раковины и мойки
w.384;Установка раковины накладной (без смесителя);шт.;384.00;317;317;s.9;Сантехнические работы;ss.9.7;9.7 Установка раковины и мойки
w.385;Установка раковины типа «тюльпан» (без смесителя);шт.;385.00;318;318;s.9;Сантехнические работы;ss.9.7;9.7 Установка раковины и мойки
w.386;Установка тумбы под раковину шириной до 100см;шт.;386.00;319;319;s.9;Сантехнические работы;ss.9.7;9.7 Установка раковины и мойки
w.387;Установка тумбы под раковину шириной от 100см;шт.;387.00;320;320;s.9;Сантехнические работы;ss.9.7;9.7 Установка раковины и мойки
w.388;Сборка, установка сифона раковины/ванны;шт.;388.00;321;321;s.9;Сантехнические работы;ss.9.7;9.7 Установка раковины и мойки
w.389;Герметизация швов раковины силиконом;шт.;389.00;322;322;s.9;Сантехнические работы;ss.9.7;9.7 Установка раковины и мойки
w.39;Демонтаж цементной стяжки до 5 см.;м2;39.00;323;323;s.3;Работы по полам (Демонтаж);;
w.390;Навеска зеркал с подключением подсветки;шт.;390.00;324;324;s.9;Сантехнические работы;ss.9.7;9.7 Установка раковины и мойки
w.391;Установка аксессуаров;шт.;391.00;325;325;s.9;Сантехнические работы;ss.9.7;9.7 Установка раковины и мойки
w.392;Установка водонагревателя накопительного с подводкой труб;шт.;392.00;326;326;s.9;Сантехнические работы;ss.9.8;9.8 Установка водонагревателя
w.393;Установка 2 шаровых кранов на радиатор;шт.;393.00;327;327;s.9;Сантехнические работы;ss.9.9;9.9 Установка радиаторов отопления
w.394;Черновой монтаж радиатора отопления на новые посадочные места с последующим демонтажем для отделочных работ;шт.;394.00;328;328;s.9;Сантехнические работы;ss.9.9;9.9 Установка радиаторов отопления
w.395;Чистовой монтаж  радиатора отопления после отделочных работ;шт.;395.00;329;329;s.9;Сантехнические работы;ss.9.9;9.9 Установка радиаторов отопления
w.396;Черновой монтаж радиатора отопления стоимостью от 40 000 р. с последующим демонтажем для отделочных работ;шт.;396.00;330;330;s.9;Сантехнические работы;ss.9.9;9.9 Установка радиаторов отопления
w.397;Монтаж коллекторного шкафа для отопительных систем в сборе с гребенками и редукторами давления;шт.;397.00;331;331;s.9;Сантехнические работы;ss.9.9;9.9 Установка радиаторов отопления
w.398;Монтаж труб отопления из сшитого полиэтилена для радиатора отпления;шт.;398.00;332;332;s.9;Сантехнические работы;ss.9.9;9.9 Установка радиаторов отопления
w.399;Монтаж труб водяного тёплого пола на подготовленную поверхность;м2;399.00;333;333;s.9;Сантехнические работы;ss.9.9;9.9 Установка радиаторов отопления
w.4;Демонтаж с потолка плитки из полиуретана, полистирола;м2;4.00;334;334;s.1;Работы по потолкам (Демонтаж);;
w.40;Демонтаж цементной стяжки до 10 см.;м2;40.00;335;335;s.3;Работы по полам (Демонтаж);;
w.400;Установка регулятора давления (без доработки коммуникаций);шт.;400.00;336;336;s.9;Сантехнические работы;ss.9.9;9.9 Установка радиаторов отопления
w.401;Установка напольного конвектора отопления;шт.;401.00;337;337;s.9;Сантехнические работы;ss.9.9;9.9 Установка радиаторов отопления
w.402;Чистовой монтаж  радиатора отопления стоимостью от 40 000 р. после отделочных работ;шт.;402.00;338;338;s.9;Сантехнические работы;ss.9.9;9.9 Установка радиаторов отопления
w.403;Штробление стен Кирпич, Бетон шириной 25мм;м.пог;403.00;339;339;s.10;Штробление, бурение отверстий;ss.10.1;10.1 Трубы, гофра диаметр до 25 мм.
w.404;Штробление стен Штукатурка, гипс, пеноблок шириной 25мм;м.пог;404.00;340;340;s.10;Штробление, бурение отверстий;ss.10.1;10.1 Трубы, гофра диаметр до 25 мм.
w.405;Заделка штробы шириной до 25 мм;м.пог;405.00;341;341;s.10;Штробление, бурение отверстий;ss.10.1;10.1 Трубы, гофра диаметр до 25 мм.
w.406;Штробление стен Кирпич, Бетон шириной 50мм;м.пог;406.00;342;342;s.10;Штробление, бурение отверстий;ss.10.1;10.1 Трубы, гофра диаметр до 25 мм.
w.407;Штробление стен Штукатурка, гипс, пеноблок шириной 50мм;м.пог;407.00;343;343;s.10;Штробление, бурение отверстий;ss.10.1;10.1 Трубы, гофра диаметр до 25 мм.
w.408;Заделка штробы шириной до 50 мм;м.пог;408.00;344;344;s.10;Штробление, бурение отверстий;ss.10.1;10.1 Трубы, гофра диаметр до 25 мм.
w.409;Заделка штробы шириной до 50 мм;м.пог;409.00;345;345;s.10;Штробление, бурение отверстий;ss.10.1;10.1 Трубы, гофра диаметр до 25 мм.
w.41;Демонтаж армированного бетонного основания сантехкабины;м2;41.00;346;346;s.3;Работы по полам (Демонтаж);;
w.410;Изготовление отверстия для электроточки Бетон;шт.;410.00;347;347;s.10;Штробление, бурение отверстий;ss.10.1;10.1 Трубы, гофра диаметр до 25 мм.
w.411;Изготовление отверстия для электроточки Кирпич;шт.;411.00;348;348;s.10;Штробление, бурение отверстий;ss.10.1;10.1 Трубы, гофра диаметр до 25 мм.
w.412;Изготовление отверстия для электроточки Гипс, пеноблок;шт.;412.00;349;349;s.10;Штробление, бурение отверстий;ss.10.1;10.1 Трубы, гофра диаметр до 25 мм.
w.413;Бурение сквозного отверстия до L50см/D25мм Бетон;шт.;413.00;350;350;s.10;Штробление, бурение отверстий;ss.10.1;10.1 Трубы, гофра диаметр до 25 мм.
w.414;Бурение сквозного отверстия до L50см/D25мм Кирпич;шт.;414.00;351;351;s.10;Штробление, бурение отверстий;ss.10.1;10.1 Трубы, гофра диаметр до 25 мм.
w.415;Бурение сквозного отверстия до L50см/D25мм Гипс;шт.;415.00;352;352;s.10;Штробление, бурение отверстий;ss.10.1;10.1 Трубы, гофра диаметр до 25 мм.
w.416;Штробление ниши до 40/80см, глубиной до 10см, Бетон;шт.;416.00;353;353;s.10;Штробление, бурение отверстий;ss.10.1;10.1 Трубы, гофра диаметр до 25 мм.
w.417;Штробление ниши до 40/80см, глубиной до 10см, Кирпич;шт.;417.00;354;354;s.10;Штробление, бурение отверстий;ss.10.1;10.1 Трубы, гофра диаметр до 25 мм.
w.418;Штробление ниши до 40/80см, глубиной до 10см, Гипс;шт.;418.00;355;355;s.10;Штробление, бурение отверстий;ss.10.1;10.1 Трубы, гофра диаметр до 25 мм.
w.419;Штробление ниши под радиатор, глубиной до 20см, Бетон;шт.;419.00;356;356;s.10;Штробление, бурение отверстий;ss.10.1;10.1 Трубы, гофра диаметр до 25 мм.
w.42;Демонтаж бетонного бортика поддона;м.пог;42.00;357;357;s.3;Работы по полам (Демонтаж);;
w.420;Штробление ниши под радиатор, глубиной до 20см, Кирпич;шт.;420.00;358;358;s.10;Штробление, бурение отверстий;ss.10.1;10.1 Трубы, гофра диаметр до 25 мм.
w.421;Штробление ниши под радиатор, глубиной до 20см, Гипс, пеноблок;шт.;421.00;359;359;s.10;Штробление, бурение отверстий;ss.10.1;10.1 Трубы, гофра диаметр до 25 мм.
w.422;Прозвонка кабеля между точками;тчк.;422.00;360;360;s.11;Электромонтажные работы;;
w.423;Протяжка кабеля в гофру;м.пог;423.00;361;361;s.11;Электромонтажные работы;;
w.424;Прокладка кабеля в гофре в подвесном потолке;м.пог;424.00;362;362;s.11;Электромонтажные работы;;
w.425;Прокладка кабеля (открытая, без крепления);м.пог;425.00;363;363;s.11;Электромонтажные работы;;
w.426;Прокладка кабеля в стиле ретро, с установкой изоляторов;м.пог;426.00;364;364;s.11;Электромонтажные работы;;
w.427;Прокладка кабеля в гофре;м.пог;427.00;365;365;s.11;Электромонтажные работы;;
w.428;Прокладка гофры/кабеля в штробе с заделкой гипсом;м.пог;428.00;366;366;s.11;Электромонтажные работы;;
w.429;Прокладка гофры/кабеля на скобах (клипсах) по бетону;м.пог;429.00;367;367;s.11;Электромонтажные работы;;
w.43;Демонтаж короба для труб водоснабжения, канализации;м.пог;43.00;368;368;s.3;Работы по полам (Демонтаж);;
w.430;Монтаж контура заземления;тчк.;430.00;369;369;s.11;Электромонтажные работы;;
w.431;Мотаж КУП (коробка уравнивания потенциалов);шт.;431.00;370;370;s.11;Электромонтажные работы;;
w.432;Прокладка слаботочного кабеля под датчик протечки;шт.;432.00;371;371;s.11;Электромонтажные работы;;
w.433;Подключение датчика протечки;шт.;433.00;372;372;s.11;Электромонтажные работы;;
w.434;Монтаж кабель-канала по кирпичу;м.пог;434.00;373;373;s.11;Электромонтажные работы;;
w.435;Монтаж кабель-канала по ГКЛ, ПГП;м.пог;435.00;374;374;s.11;Электромонтажные работы;;
w.436;Монтаж розетки под электроплиту накладная;шт.;436.00;375;375;s.11;Электромонтажные работы;;
w.437;Монтаж розетки под электроплиту внутренняя;шт.;437.00;376;376;s.11;Электромонтажные работы;;
w.438;Монтаж коробки распаячной с расключением в бетонную стену;шт.;438.00;377;377;s.11;Электромонтажные работы;;
w.439;Монтаж коробки распаячной с расключением в кирпичную стену;шт.;439.00;378;378;s.11;Электромонтажные работы;;
w.44;Очистка стяжки от остатков клея, мастики методом шлифования алмазной чашкой;м2;44.00;379;379;s.3;Работы по полам (Демонтаж);;
w.440;Монтаж коробки распаячной с расключением в стену ГКЛ, ПГП;шт.;440.00;380;380;s.11;Электромонтажные работы;;
w.441;Монтаж коробки распаячной с расключением накладной;шт.;441.00;381;381;s.11;Электромонтажные работы;;
w.442;Установка телефонной розетки;шт.;442.00;382;382;s.11;Электромонтажные работы;;
w.443;Установка компьютерной INTERNET розетки;шт.;443.00;383;383;s.11;Электромонтажные работы;;
w.444;Установка выключателя проходного/перекрёстного на готовое место;шт.;444.00;384;384;s.11;Электромонтажные работы;;
w.445;Установка электрической точки (розетки/выключателя) на готовое место;шт.;445.00;385;385;s.11;Электромонтажные работы;;
w.446;Установка диммера (регулятор силы тока);шт.;446.00;386;386;s.11;Электромонтажные работы;;
w.447;Установка подрозетника;шт.;447.00;387;387;s.11;Электромонтажные работы;;
w.448;Установка домофона;шт.;448.00;388;388;s.11;Электромонтажные работы;;
w.449;Установка Счетчика электроэнергии;шт.;449.00;389;389;s.11;Электромонтажные работы;;
w.45;Демонтаж пластиковой душевой кабины;шт.;45.00;390;390;s.4;Сантехнические работы (Демонтаж);ss.4.1;4.1 Демонтаж душевой кабины/подиума
w.450;Разработка монтажного плана щитового оборудования;шт.;450.00;391;391;s.11;Электромонтажные работы;;
w.451;Установка распределительного электро щита;шт.;451.00;392;392;s.11;Электромонтажные работы;;
w.452;Установка автоматического выключателя (автомат);шт.;452.00;393;393;s.11;Электромонтажные работы;;
w.453;Установка Дифференциального автомата;шт.;453.00;394;394;s.11;Электромонтажные работы;;
w.454;Установка УЗО, реле автоматического переключения;шт.;454.00;395;395;s.11;Электромонтажные работы;;
w.455;Установка реле напряжения;шт.;455.00;396;396;s.11;Электромонтажные работы;;
w.456;Установка электрощита накладного на 72 модуля с расключением;шт.;456.00;397;397;s.11;Электромонтажные работы;;
w.457;Установка электрощита накладного на 12 модулей с расключением;шт.;457.00;398;398;s.11;Электромонтажные работы;;
w.458;Установка электрощита накладного на 18 модулей с расключением;шт.;458.00;399;399;s.11;Электромонтажные работы;;
w.459;Установкаэлектрощита накладного на 24 модуля с расключением;шт.;459.00;400;400;s.11;Электромонтажные работы;;
w.46;Демонтаж душевой кабины в строительном исполнении;шт.;46.00;401;401;s.4;Сантехнические работы (Демонтаж);ss.4.1;4.1 Демонтаж душевой кабины/подиума
w.460;Установка электрощита накладного на 36 модулей с расключением;шт.;460.00;402;402;s.11;Электромонтажные работы;;
w.461;Установка электрощита накладного на 54 модуля с расключением;шт.;461.00;403;403;s.11;Электромонтажные работы;;
w.462;Установка электрощита внутреннего на 72 модуля с расключением;шт.;462.00;404;404;s.11;Электромонтажные работы;;
w.463;Установка слаботочного щита внутреннего с расключением;шт.;463.00;405;405;s.11;Электромонтажные работы;;
w.464;Установка электрощита внутреннего на 18 модулей с расключением;шт.;464.00;406;406;s.11;Электромонтажные работы;;
w.465;Установка электрощита внутреннего на 24 модуля с расключением;шт.;465.00;407;407;s.11;Электромонтажные работы;;
w.466;Установка электрощита внутреннего на 36 модулей с расключением;шт.;466.00;408;408;s.11;Электромонтажные работы;;
w.467;Установка электрощита внутреннего на 54 модуля с расключением;шт.;467.00;409;409;s.11;Электромонтажные работы;;
w.468;Соединения электрокабеля гильзованием;тчк.;468.00;410;410;s.11;Электромонтажные работы;;
w.469;Подключение TV-кабеля, ТЛФ-кабеля к распределительному щиту (с пайкой);шт.;469.00;411;411;s.11;Электромонтажные работы;;
w.47;Демонтаж душевого подиума (строительного исполнения);шт.;47.00;412;412;s.4;Сантехнические работы (Демонтаж);ss.4.1;4.1 Демонтаж душевой кабины/подиума
w.470;Установка ТV-краба, телефонного разветвителя;шт.;470.00;413;413;s.11;Электромонтажные работы;;
w.471;Черновые Электромонтажные работы низкой насыщенности (до 0,8 шт электроточек/электровыводов на 1 кв.м площади помещения );м2;471.00;414;414;s.11;Электромонтажные работы;;
w.472;Черновые Электромонтажные работы средней насыщенности  (от 0,8 до 1,2 шт электроточек/электровыводов на 1 кв.м. площади помещения);м2;472.00;415;415;s.11;Электромонтажные работы;;
w.473;Черновые Электромонтажные работы  высокой насыщенности  (более 1,2 шт электроточек/электровыводов на 1 кв.м. площади помещения);м2;473.00;416;416;s.11;Электромонтажные работы;;
w.474;Устройство проема в существующих стенах ПГП;м2;474.00;417;417;s.12;Проемы;;
w.475;Заделка примыкания коробки двери скрытого монтажа к стене;шт.;475.00;418;418;s.12;Проемы;;
w.476;Сужение дверного проёма в существующих стенах ПГП;шт.;476.00;419;419;s.12;Проемы;;
w.477;Установка двудольной (распашной) двери стоимость от 10000 руб;шт.;477.00;420;420;s.12;Проемы;;
w.478;Установка двери Инвизибл (скрытого монтажа);шт.;478.00;421;421;s.12;Проемы;;
w.479;Установка однодольной двери стоимостью до 10000 руб;шт.;479.00;422;422;s.12;Проемы;;
w.48;Демонтаж пластиковой душевой кабины с джакузи, гидромассажем/парогенератором;шт.;48.00;423;423;s.4;Сантехнические работы (Демонтаж);ss.4.1;4.1 Демонтаж душевой кабины/подиума
w.480;Установка однодольной двери стоимостью от 10000 руб.;шт.;480.00;424;424;s.12;Проемы;;
w.481;Установка однодольной двери стоимостью от 20000 руб;шт.;481.00;425;425;s.12;Проемы;;
w.482;Врезка замков , петель, ручек и др. в двери до 10000 руб;компл;482.00;426;426;s.12;Проемы;;
w.483;Врезка замков , петель, ручек и др. в двери от 10000 руб.;компл;483.00;427;427;s.12;Проемы;;
w.484;Врезка замков , петель, ручек и др. в двери от 20000 руб;компл;484.00;428;428;s.12;Проемы;;
w.485;Установка наличников (без роспуска);м.пог;485.00;429;429;s.12;Проемы;;
w.486;Установка доборов (без роспуска);м.пог;486.00;430;430;s.12;Проемы;;
w.487;Роспуск наличников, доборов;м.пог;487.00;431;431;s.12;Проемы;;
w.488;Установка металлической двери простой;шт.;488.00;432;432;s.12;Проемы;;
w.489;Установка готовых арок в дверные проемы;шт.;489.00;433;433;s.12;Проемы;;
w.49;Демонтаж поддона чугунного/металлического/акрилового;шт.;49.00;434;434;s.4;Сантехнические работы (Демонтаж);ss.4.1;4.1 Демонтаж душевой кабины/подиума
w.490;Устройство арочных проемов от 90 до 140 см (под ключ);шт.;490.00;435;435;s.12;Проемы;;
w.491;Установка дверцы сантехнической (металл/пластик) для водоснабжения и канализации;шт.;491.00;436;436;s.12;Проемы;;
w.492;"Установка ""люк-невидимка"" стандартных размеров ";шт.;492.00;437;437;s.12;Проемы;;
w.493;"Установка ""люк-невидимка"" крупноформатного (более 0,6 м.кв.) ";шт.;493.00;438;438;s.12;Проемы;;
w.494;Покраска труб отопления;м.пог;494.00;439;439;s.12;Проемы;;
w.495;Окраска радиаторов отопления до 7 секций;ед.;495.00;440;440;s.12;Проемы;;
w.496;Окраска радиаторов отопления свыше 7 секций;ед.;496.00;441;441;s.12;Проемы;;
w.497;Установка экранов на радиаторы;шт.;497.00;442;442;s.12;Проемы;;
w.498;Установка кондиционера с расходным материалом для трасс;шт.;498.00;443;443;s.12;Проемы;;
w.499;Установка тепловой завесы навесной;шт.;499.00;444;444;s.12;Проемы;;
w.5;Демонтаж старых обоев;м2;5.00;445;445;s.1;Работы по потолкам (Демонтаж);;
w.50;Демонтаж (отключение) стиральной/сушильной машины;шт.;50.00;446;446;s.4;Сантехнические работы (Демонтаж);ss.4.1;4.1 Демонтаж душевой кабины/подиума
w.500;Подключение стиральной машины на готовые коммуникации;шт.;500.00;447;447;s.13;Установка оборудования;;
w.501;Подключение посудомоечной машины  на готовые коммуникации;шт.;501.00;448;448;s.13;Установка оборудования;;
w.502;Подключение отдельно стоящей электрической плиты на готовое установочное место;шт.;502.00;449;449;s.13;Установка оборудования;;
w.503;Подключение варочной поверхности или духового шкафа на готовое установочное место;шт.;503.00;450;450;s.13;Установка оборудования;;
w.504;Подключение встраиваемой плиты (комплект варочная поверхность + духовой шкаф) на готовые установочное место;шт.;504.00;451;451;s.13;Установка оборудования;;
w.505;Подключение проточного водонагревателя на готовые коммуникации (сверление отверстий до 4, выравнивание, монтаж);шт.;505.00;452;452;s.13;Установка оборудования;;
w.506;Подключение накопительного водонагревателя на готовые коммуникации (сверление отверстий до 4, выравнивание, монтаж);шт.;506.00;453;453;s.13;Установка оборудования;;
w.507;Подключение кухонной вытяжки (сверление отверстий до 4, выравнивание, монтаж);шт.;507.00;454;454;s.13;Установка оборудования;;
w.508;Монтаж пластикового F-образного углолка;м.пог;508.00;455;455;s.14;Окна;;
w.509;Заливка основания под подоконник;м.пог;509.00;456;456;s.14;Окна;;
w.51;Расчистка стояка отопления от старой краски;шт.;51.00;457;457;s.4;Сантехнические работы (Демонтаж);ss.4.1;4.1 Демонтаж душевой кабины/подиума
w.510;Монтаж откосов Руспанель;м.пог;510.00;458;458;s.14;Окна;;
w.511;Монтаж откосов ПВХ до 50 см;м.пог;511.00;459;459;s.14;Окна;;
w.512;Расчистка и покраска оконный рамы/дверной коробки;м.пог;512.00;460;460;s.14;Окна;;
w.513;Окраска оконных проемов с подготовкой;м2;513.00;461;461;s.14;Окна;;
w.514;Расчистка и покраска деревянной двери;м2;514.00;462;462;s.14;Окна;;
w.515;Покраска подоконника;м.пог;515.00;463;463;s.14;Окна;;
w.516;Монтаж подоконника пластикового;м.пог;516.00;464;464;s.14;Окна;;
w.517;Монтаж подоконника деревянного/акрилового;м.пог;517.00;465;465;s.14;Окна;;
w.518;Монтаж временного освещения, разводка временных розеток, установка временного унитаза и раковины, подача холодной и горячей воды, оклейка защитной пленкой окон и входной двери, укрывка оргалитом лестничной клетки, изготовление строительных лесов и столов;шт.;518.00;466;466;s.15;Прочие виды работ;;
w.519;Перемещение кровати, диваны, шкафы, холодильники, стир. м.;шт.;519.00;467;467;s.15;Прочие виды работ;;
w.52;Демонтаж подиума для поддона (кирпич, бетон);шт.;52.00;468;468;s.4;Сантехнические работы (Демонтаж);ss.4.1;4.1 Демонтаж душевой кабины/подиума
w.520;Перемещение корпусная мебель (без разборки);секция;520.00;469;469;s.15;Прочие виды работ;;
w.521;Разборка / сборка и перемещение корпусной мебели;секция;521.00;470;470;s.15;Прочие виды работ;;
w.522;Вынос чугунной ванны в контейнер/к подъезду (с лифтом);шт.;522.00;471;471;s.15;Прочие виды работ;;
w.523;Вынос чугунной ванны в контейнер/к подъезду (без лифта);этаж;523.00;472;472;s.15;Прочие виды работ;;
w.524;Вынос мусора в контейнер, при наличии лифта, до 50 м;м3;524.00;473;473;s.15;Прочие виды работ;;
w.525;Вынос мусора в контейнер, при наличии лифта, до 250 м;м3;525.00;474;474;s.15;Прочие виды работ;;
w.526;Вынос мусора в контейнер без лифта, до 50м. за м3;эт.;526.00;475;475;s.15;Прочие виды работ;;
w.527;Вынос мусора в контейнер без лифта, до 250 м. за м3;эт.;527.00;476;476;s.15;Прочие виды работ;;
w.528;Влажная уборка после ремонтных работ;пом.;528.00;477;477;s.15;Прочие виды работ;;
w.529;Разработка Дизайн-проекта без визуализаций;м2;529.00;478;478;s.15;Прочие виды работ;;
w.53;Демонтаж ванны чугунной (с выносом к входной двери);шт.;53.00;479;479;s.4;Сантехнические работы (Демонтаж);ss.4.2;4.2 Демонтаж ванной
w.530;Сборка-разборка строительных лесов;шт.;530.00;480;480;s.15;Прочие виды работ;;
w.531;Изготовление лесов;шт.;531.00;481;481;s.15;Прочие виды работ;;
w.532;Видеонаблюдения объекта;шт.;532.00;482;482;s.15;Прочие виды работ;;
w.533;Разработка Дизайн-проекта с визуализациями 3D;м2;533.00;483;483;s.15;Прочие виды работ;;
w.534;Выезд мастера или прораба на рынок по просьбе клиента;ч;534.00;484;484;s.15;Прочие виды работ;;
w.535;Доставка строительного материала;1,5 т.;535.00;485;485;s.15;Прочие виды работ;;
w.536;Разгрузка материалов;т.;536.00;486;486;s.15;Прочие виды работ;;
w.537;Контейнер для вывоза мусора с грузчиком внутри МКАД;шт.;537.00;487;487;s.15;Прочие виды работ;;
w.538;Вывоз мусора Газелью до 1500 кг;шт.;538.00;488;488;s.15;Прочие виды работ;;
w.539;Контейнер для вывоза мусора с грузчиком  до 20 км от МКАД;шт.;539.00;489;489;s.15;Прочие виды работ;;
w.54;Демонтаж ванны стальной, акриловой;шт.;54.00;490;490;s.4;Сантехнические работы (Демонтаж);ss.4.2;4.2 Демонтаж ванной
w.540;Накладные расходы (транспортные расходы, ГСМ, перевозка и аммортизация оборудования и электроинструментов);ед.;540.00;491;491;s.15;Прочие виды работ;;
w.55;Демонтаж экрана ванны (кафель, кирпич/пеноблок);шт.;55.00;492;492;s.4;Сантехнические работы (Демонтаж);ss.4.2;4.2 Демонтаж ванной
w.56;Демонтаж экрана ванны (кафель, кирпич/пеноблок);шт.;56.00;493;493;s.4;Сантехнические работы (Демонтаж);ss.4.2;4.2 Демонтаж ванной
w.57;Демонтаж экрана под ванной (пластик);шт.;57.00;494;494;s.4;Сантехнические работы (Демонтаж);ss.4.2;4.2 Демонтаж ванной
w.58;Демонтаж обвязки ванны (старого образца чугун-метал);шт.;58.00;495;495;s.4;Сантехнические работы (Демонтаж);ss.4.2;4.2 Демонтаж ванной
w.59;Демонтаж обвязки ванны (нового образца);шт.;59.00;496;496;s.4;Сантехнические работы (Демонтаж);ss.4.2;4.2 Демонтаж ванной
w.6;Демонтаж потолка из ГКЛ, панелей ПВХ, вагонки,;м2;6.00;497;497;s.1;Работы по потолкам (Демонтаж);;
w.60;Демонтаж штанги для душа;шт.;60.00;498;498;s.4;Сантехнические работы (Демонтаж);ss.4.2;4.2 Демонтаж ванной
w.61;Демонтаж сантехнических аксессуаров (мыльница, держатель бумаги и т.д.);шт.;61.00;499;499;s.4;Сантехнические работы (Демонтаж);ss.4.2;4.2 Демонтаж ванной
w.62;Демонтаж унитаза;шт.;62.00;500;500;s.4;Сантехнические работы (Демонтаж);ss.4.3;4.3 Демонтаж унитаза
w.63;Демонтаж инсталляции (чаши с рамой и кнопкой);шт.;63.00;501;501;s.4;Сантехнические работы (Демонтаж);ss.4.3;4.3 Демонтаж унитаза
w.64;Демонтаж труб водоснабжения, отопления;м.пог;64.00;502;502;s.4;Сантехнические работы (Демонтаж);ss.4.4;4.4 Демонтаж труб и стояков, арматуры
w.65;Демонтаж труб канализации (чугун);м.пог;65.00;503;503;s.4;Сантехнические работы (Демонтаж);ss.4.4;4.4 Демонтаж труб и стояков, арматуры
w.66;Демонтаж труб канализации (пластик);м.пог;66.00;504;504;s.4;Сантехнические работы (Демонтаж);ss.4.4;4.4 Демонтаж труб и стояков, арматуры
w.67;Демонтаж коллектора (гребенки);шт.;67.00;505;505;s.4;Сантехнические работы (Демонтаж);ss.4.4;4.4 Демонтаж труб и стояков, арматуры
w.68;Демонтаж бойлера;шт.;68.00;506;506;s.4;Сантехнические работы (Демонтаж);ss.4.4;4.4 Демонтаж труб и стояков, арматуры
w.69;Демонтаж смесителя на жёсткой подводке;шт.;69.00;507;507;s.4;Сантехнические работы (Демонтаж);ss.4.5;4.5 Демонтаж смесителя
w.7;Демонтаж реечного потолка;м2;7.00;508;508;s.1;Работы по потолкам (Демонтаж);;
w.70;Демонтаж смесителя  на гибкой подводке;шт.;70.00;509;509;s.4;Сантехнические работы (Демонтаж);ss.4.5;4.5 Демонтаж смесителя
w.71;Демонтаж кухонной мойки (без смесителя);шт.;71.00;510;510;s.4;Сантехнические работы (Демонтаж);ss.4.6;4.6 Демонтаж раковины и мойки
w.72;Демонтаж подстолья кухонной мойки;шт.;72.00;511;511;s.4;Сантехнические работы (Демонтаж);ss.4.6;4.6 Демонтаж раковины и мойки
w.73;Демонтаж мойки на кронштейнах;шт.;73.00;512;512;s.4;Сантехнические работы (Демонтаж);ss.4.6;4.6 Демонтаж раковины и мойки
w.74;Демонтаж раковины типа «тюльпан» (в сборе);шт.;74.00;513;513;s.4;Сантехнические работы (Демонтаж);ss.4.6;4.6 Демонтаж раковины и мойки
w.75;Демонтаж «Мойдодыра» (в сборе);шт.;75.00;514;514;s.4;Сантехнические работы (Демонтаж);ss.4.6;4.6 Демонтаж раковины и мойки
w.76;Демонтаж сифона мойки;шт.;76.00;515;515;s.4;Сантехнические работы (Демонтаж);ss.4.6;4.6 Демонтаж раковины и мойки
w.77;Демонтаж радиатора на металлических трубах (при наличие вводных кранов);шт.;77.00;516;516;s.4;Сантехнические работы (Демонтаж);ss.4.7;4.7 Демонтаж радиаторов отопления
w.78;Демонтаж регулятора давления, обратного клапана;шт.;78.00;517;517;s.4;Сантехнические работы (Демонтаж);ss.4.7;4.7 Демонтаж радиаторов отопления
w.79;Демонтаж коллектора (гребенки);шт.;79.00;518;518;s.4;Сантехнические работы (Демонтаж);ss.4.7;4.7 Демонтаж радиаторов отопления
w.8;"Демонтаж подвесных потолков ""Армстронг"", зеркального, натяжного потолка";м2;8.00;519;519;s.1;Работы по потолкам (Демонтаж);;
w.80;Демонтаж полотенцесушителя водяного/электрического;ед;80.00;520;520;s.4;Сантехнические работы (Демонтаж);ss.4.7;4.7 Демонтаж радиаторов отопления
w.81;Демонтаж радиатора на пластиковых трубах для отделочных работ;шт.;81.00;521;521;s.4;Сантехнические работы (Демонтаж);ss.4.7;4.7 Демонтаж радиаторов отопления
w.82;Демонтаж электроустановочного изделия (розетка, выключатель, распаячная коробка);шт.;82.00;522;522;s.5;Электромонтажные работы (Демонтаж);;
w.83;Демонтаж накладной части розетки, выключателя;шт.;83.00;523;523;s.5;Электромонтажные работы (Демонтаж);;
w.84;Демонтаж скрытой проводки (до 16мм);м.пог;84.00;524;524;s.5;Электромонтажные работы (Демонтаж);;
w.85;Демонтаж открытой проводки (до 16мм);м.пог;85.00;525;525;s.5;Электромонтажные работы (Демонтаж);;
w.86;Демонтаж светильников встроенных (без сохранения);шт.;86.00;526;526;s.5;Электромонтажные работы (Демонтаж);;
w.87;Демонтаж кабель-канала;м.пог;87.00;527;527;s.5;Электромонтажные работы (Демонтаж);;
w.88;Демонтаж автомата защиты;шт.;88.00;528;528;s.5;Электромонтажные работы (Демонтаж);;
w.89;Демонтаж люстры, светильника, вентилятора (с сохранением изделия);шт.;89.00;529;529;s.5;Электромонтажные работы (Демонтаж);;
w.9;Демонтаж карниза;шт.;9.00;530;530;s.1;Работы по потолкам (Демонтаж);;
w.90;Демонтаж распределительного электрощита;шт.;90.00;531;531;s.5;Электромонтажные работы (Демонтаж);;
w.91;Комплексный демонтаж старой электрики - розетки, выключатели, распаячные коробки, проводка (по площади помещения);м2;91.00;532;532;s.5;Электромонтажные работы (Демонтаж);;
w.92;Покрытие бетонных потолоков бетоноконтактом;м2;92.00;533;533;s.6;Работы по потолкам (Отделочные работы);ss.6.1;6.1 Штукатурные работы (потолок)
w.93;Расчистка рустов плит перекрытия, заделка с проклейкой сетки;м.пог;93.00;534;534;s.6;Работы по потолкам (Отделочные работы);ss.6.1;6.1 Штукатурные работы (потолок)
w.94;Устранение мелких дефектов (трещин) потолка ремонтными смесями;м2;94.00;535;535;s.6;Работы по потолкам (Отделочные работы);ss.6.1;6.1 Штукатурные работы (потолок)
w.95;Защита потолков от макротрещин - армирование штукатурной сеткой;м2;95.00;536;536;s.6;Работы по потолкам (Отделочные работы);ss.6.1;6.1 Штукатурные работы (потолок)
w.96;Штукатурка потолка до 3 см. толщиной, с устройством маяков;м2;96.00;537;537;s.6;Работы по потолкам (Отделочные работы);ss.6.1;6.1 Штукатурные работы (потолок)
w.97;Штукатурка потолка под правило/под шпатель (без ровной плоскости);м2;97.00;538;538;s.6;Работы по потолкам (Отделочные работы);ss.6.1;6.1 Штукатурные работы (потолок)
w.98;Противогрибковая обработка потолка;м2;98.00;539;539;s.6;Работы по потолкам (Отделочные работы);ss.6.1;6.1 Штукатурные работы (потолок)
w.99;Устройство тепло/звукоизоляции потолка минеральной ватой в металлокаркас;м2;99.00;540;540;s.6;Работы по потолкам (Отделочные работы);ss.6.2;6.2 Тепло-звукоизоляция потолка
